Username,Comment
@Hacker90Acharya,Chiod hood memorys ğŸ˜¢ ğŸ’š U PRIMAL SURVIVEOR
@Hacker90Acharya,True life is this jungles ğŸ˜ğŸ’š 100% peace ğŸ’˜ğŸ˜‡
@anuyadav7269,oo ketar pillare nhi hai kosa kida hai
@RajeshMajhi-g7x,Not one person with camera man
@UmeshRajbhar-e9c,Cemra man ko madhumakhiyo ne nahi katha he ğŸ˜…ğŸ˜…ğŸ˜…ğŸ˜…ğŸ˜…ğŸ˜®
@JituDas-k8w,Camera man urta hai kya ğŸ˜…
@KrishnaKajale-g1v,Very nice kabse dekharaha tha ye video
@ToxicgamerYT11-d3n,ğŸ˜ŠğŸ˜Š
@BishalLohar-b7c,ğŸ¤—ğŸ¤—ğŸ˜ğŸ¤
@BishalLohar-b7c,ğŸ¤ğŸ™‹ğŸ˜ğŸ˜
@TurstinTorque,Oh Bor to nahin ho rahe ho na Shahima love you ğŸ˜…
@BibekJoshi-iu3bn,Scripted ğŸ˜…
@yatharthsingh2603,Y he doesn't wear shoes 5:31
@AshishKumarsen-r9h,Camera man same struggle but ğŸ˜¢
@AshishKumarsen-r9h,Kabhi camera ğŸ“· man dikhaoğŸ˜Š
@KINGYTTZ,who is the cameraman anyway ğŸ˜‚
@safistudyandfitness,Real survival never collects honey like you.. all bees were biting you but you tolerated the pain.. seems false. I m surprised why you have not used smoke for honey collection?
@136.25k,Camera man Hi to agge hota haoğŸ˜…ğŸ˜‚ğŸ˜‚ğŸ˜‚
@RAJKUMARISAHANI-r5c,8:06
@surendrapatel9909,Mujhe bhi le chalo jangal
@israransari2484,Chappal to pehan lo yarr brother
@n.g.king..9,9:25  kaise so jaate Ho ğŸ˜®
@shaikhasif6201,me ja chuka ho
@RajanKumar-ns9ki,à¤…à¤¬ à¤µà¥€à¤¡à¤¿à¤¯à¥‹ à¤¨à¤¹à¥€à¤‚ à¤† à¤°à¤¹à¥€ à¤¹à¥ˆà¤‚ ğŸ¤” à¤•à¤¹à¥€ à¤‡à¤¸à¥‡ à¤¶à¥‡à¤° à¤¤à¥‹ à¤¨à¤¹à¥€à¤‚ à¤–à¤¾ à¤—à¤à¥¤ğŸ˜…ğŸ˜¢ğŸ˜¢
@SushantBsinhs,à¤¶à¥‰à¤ª à¤¨à¤¹à¥€à¤‚ à¤¦à¤¿à¤– à¤°à¤¹à¤¾ à¤¹à¥ˆà¤‚ ğŸ˜…
@DAILYONEBOOKSTUDY,"Ak Complete à¤Ÿà¥€à¤® à¤¸à¤¾à¤¥ à¤¹à¥‹à¤¤à¥€ à¤¹à¥ˆ but vo sirf khud ke liye usee karte h à¤«à¥ˆà¤¸à¤²à¤¿à¤Ÿà¥€ ka 
Jo à¤…à¥œà¤µà¥à¤šà¤° karta h vo à¤…à¤ªà¤¨à¥‡ à¤Šà¤ªà¤° à¤¸à¥‡à¤²à¥à¤« à¤¡à¤¿à¤ªà¥‡à¤‚à¤¡à¥‡à¤¡à¥‡à¤¡ à¤¹à¥‹à¤¤à¤¾ à¤¹à¥ˆ à¤Ÿà¥€à¤® à¤‰à¤¸à¤•à¥‹ à¤¶à¥‚à¤Ÿ à¤•à¤°à¤¤à¥€ à¤¹à¥ˆ"
@ravirajpawar1424,Great sir
@KISHUUU-GEMMING,Etiting he bro
@AmitaPande-z6t,à¤•à¥ˆà¤®à¤°à¤¾ à¤®à¥ˆà¤¨ à¤•à¥‹ à¤‡à¤•à¥à¤•à¥€à¤¸ à¤¤à¥‹à¤ªà¥‹à¤‚ à¤•à¥€ à¤¸à¤²à¤¾à¤®à¥€
@shawonsadek,I like that
@Milanoedit67,Suiiiiii to him ğŸ˜‚ğŸ˜‚
@RavinderKumar-ry5lm,Bhai ma
@mrchubhak,new videokab aayega
@Tonyraj-07,New videos brotherâ™¥â™¥
@MajidKhan-wd8jx,Sala Hanibi ki kaatne se hamara chehra to gubbara ban jata hai iska to kuchh bhi nahin hua kuchh to gadbad Hai Daya
@saqib_ff_live,Thanks for subscriberğŸ˜Š
@chronicm5700,"you said you are alone, then what about your cameraman?"
@djbinayff8657,Kon kon 2027 me dak raha hai
@djbinayff8657,I like for camera manğŸ˜ŠğŸ˜Š
@ArsadDhuniya-l2q,Love from nepal
@-TerryBogard,"I love survivor showa, it shows the diff between men and women. CLEARLY"
@TilakMarkam-h4z,Are bhai  cameraman ka face  Bhai reveal kar de bhaiğŸ˜‚ğŸ˜‚ğŸ˜‚ğŸ˜‚ğŸ˜‚ğŸ˜‚ğŸ˜‚ğŸ˜‚ğŸ˜‚ğŸ˜‚ğŸ˜‚ğŸ˜‚
@Abcknowledgeofficial,Camera man ko bhejo.use aword Dena he.bharatratna Dena he
@rinaroy1470,PoopğŸ’©ğŸ’©ğŸ’©ğŸ’©ğŸ’©ğŸ’©ğŸ’©ğŸ’©ğŸ’©ğŸ’©ğŸ’©ğŸ’©ğŸ’©ğŸ’©ğŸ’©ğŸ’©ğŸ‘ğŸ‘ğŸ‘ğŸ‘ğŸ‘ğŸ‘ğŸ‘ğŸ‘ğŸ‘
@GUNDA-8d,7:50
@Gulzar-q5p,Good job ğŸ˜¢ğŸ˜¢ğŸ˜¢ğŸ˜¢
@sofiamyfirstbook3988,Please make more videos
@Rock00000.m,Guys hear this not cameramen this drone.  ğŸ“¸.  Realy ğŸ‰ğŸ‰ğŸ‰ğŸ‰â¤â¤â¤
@DivyanshParmar-ux2oe,Camera men never die
@SatnamSingh-v7s7x,Camara called Drone
@qasimbilal1555,Allah is greatest who made this wonderful forest
@Ø§Ø§Ù„ÙˆØ«Ø§Ø¦Ù‚ÙŠØ©_Ø§Ù„Ø¹Ø±Ø¨ÙŠØ©,Ø§Ù„ÙˆØ«Ø§Ø¦Ù‚ÙŠØ© Ø§Ù„Ø¹Ø±Ø¨ÙŠØ© Arabic DocumentaryğŸ˜ğŸ˜™ğŸ˜™
@newsboy6390,This man is literally full fakeğŸ‘
@FirojAli-mu9tk,Me.u.p.saharanpur.se.dekh.raha.hun
@DineshBhoi-w7g,Bhai etana jaldi ye kese duri tay kar leta hai ğŸ˜…ğŸ˜…
@black-i7mood,Ù‡Ù„ Ù…Ù† Ø¬Ø²Ø§Ø¦Ø±ÙŠ Ù‡Ù†Ø§ 2025
@ZikraShaukat,Bs bhai ko koi shoes ğŸ‘ de detağŸ˜
@niteshofficial-h8l,Hello everyone please help me mujhe muscular destrophy disease hai iske liye bahat money ki jarurat hai ğŸ™ğŸ˜­ğŸ˜­ğŸ˜­ğŸ™
@ZaidZaid-em2de,Ye real video ha please reply kary
@AR_official_07-k5w,Mujhe lagta hai ki camera ki battery 1000000 Amh ki hai ğŸ˜‚ğŸ˜‚ğŸ˜‚
@eduardherak8599,Beautiful video ğŸ’ªğŸ½ğŸ’ªğŸ½ğŸ’ªğŸ½â¤ï¸â¤ï¸â¤ï¸ğŸ‘ğŸ‘ğŸ‘
@Dubey_vlogs_9076,à¤¬à¤šà¥à¤šà¥‹à¤‚ à¤•à¥‡ à¤ªà¤¾à¤¸ à¤•à¤ªà¤¡à¤¼à¤¾ à¤•à¤¹à¤¾ à¤¸à¥‡ à¤†à¤¯à¤¾
@QasimQasimAli-ssdl,Camera Maine koi dikkat to nahin Hoti haiğŸ˜‚ğŸ˜‚ğŸ˜‚ğŸ˜‚ğŸ˜‚
@RamdasMadhe-l8z,Cameraman never dies ğŸ˜‚â¤â¤
@itzankitgaming9725,Jungle ke localo ke paas itne achhe kapde wo bhi itne ghane jungle me ğŸ¤”
@ritikverma1063,Mujhe bahut pasand han survabal
@Don_Fact,à¤à¤¸à¤¾ à¤²à¤—à¤¤à¤¾ à¤¹à¥ˆ à¤•à¤¿ à¤•à¥ˆà¤®à¤°à¤¾ à¤®à¥ˆà¤¨ à¤¹à¥ˆ à¤¹à¥€ à¤¨à¤¹à¥€à¤‚ğŸ˜¢ğŸ˜¢ğŸ˜¢ğŸ˜¢â¤â¤â¤â¤
@RafiyaParveen-xe4yg,ğ™¹ğšğš—ğšğš•ğš ğš”ğšŠ ğšœğšŠğšğšŠğš› ğš‘ğšŠğš’ ğš’ğšğš—ğšŠ ğ™ºğš‘ğšŠğšğšŠğš›ğš—ğšŠğš”
@SunnySingh-jx3wc,ğŸ˜®ğŸ˜®ğŸ˜®ğŸ˜®
@bijaykumarsahu5049,Hota h
@gopigiri4710,Camera man legend ğŸ˜…
@AratiKandagari-c1w,New bear Gryllsâ¤
@_The__devil_091,Kon kon dekh ta hai ğŸ˜®
@TimBoktu,I dont understand anything
@AMAR-z2s,Camera man iski jaisi hai ya o olg hai ?? 7:45
@SankharjyotiDoley,Aap real hero ho...â¤â¤â¤ From Assam
@Nazrescreenpar-ll1db,Kon kon marne k bad dekh rha h ğŸ˜‚
@AghaHaider-r5n,ğŸ“µ
@ramboraj1255,.....
@SHAYAN-CR7-lui,Keya ap jante hn k comment pr double tap kr k like hota hn
@Savita-j8s,Junglee log apni language kab seekhe ğŸ˜‚ğŸ˜‚
@googlechowk,Good script nd direction and acting ğŸ˜®
@Zakii-Edit12,2025ma kon kon dekh rha h ğŸ˜…ğŸ˜…
@SoyaibHossen-b5m,â¤ï¸ğŸ‡§ğŸ‡©
@user-ow7fq3jr6l,â¤â¤â¤â¤
@MDAbushanImran,that is Awesome
@LILDOSEOFFICIAL,It's real or fake  I am confused
@ZindagibadalnewalaYeshu.7,Yeshu mashi pe vishwas karne se pap ki shama hoti hai or udhar hota hai or Swarg bhi milta hai âœï¸
@Chillpill12456,Apka cameraman kya khake beta hai waha
@Ragnarokgaming-u6h,Camera man never dies
@Roshanislamic1,Camera man lagta hai atma hai  usko. Kuchh nahin hota ğŸ˜‚ğŸ˜‚ğŸ˜‚ğŸ˜‚
@nguyentiendongnaivlog,"so wonderful. Thank you for sharing

ï¿¼

ï¿¼


â¤â¤â¤â¤"
@SamiSami-gy2oe,In logo na ya kapda b Amazon sa order kiya haa ka ğŸ˜‚ğŸ˜‚ğŸ˜‚ğŸ˜‚ğŸ˜‚
@PRO.AM.TRADER,34:56 ğŸ˜‚ğŸ˜‚
@yuvrajsinhsengar6695,Ye bhadva chutya banata he
@Raju.Sharma-m4k,Sala lal chandan dikha ra ğŸ‰ğŸ‰ğŸ‰
@AnsarKhan-xu8gj,Hi
@ayeshajutt-d6l,ğŸ˜‚ğŸ˜‚ğŸ˜‚â¤
@Muneeb-u2r,Why hazel  don't wear shoes???
@SG_GOKU_16,Akela nikale ho to video kon bana raha hai ?ğŸ˜‚ğŸ˜‚
@dhananjaykumarrajak6163,à¤­à¤¾à¤ˆ à¤•à¥ˆà¤®à¤°à¤¾ à¤®à¥ˆà¤‚ à¤•à¥ˆà¤¸à¥‡ à¤‡à¤¤à¤¨à¤¾ khatrnakh à¤ªà¤² à¤•à¥‹ à¤¶à¥‚à¤Ÿ à¤•à¤°à¤¤à¤¾ à¤¹à¥ˆ à¤®à¥ˆà¤‚ à¤¯à¤¹à¥€ à¤¸à¥‹à¤š à¤°à¤¹à¤¾ à¤¹à¥‚à¤‚ ğŸ¤”ğŸ¤”
@Incentivenkgamer,Camera man wear is
@greenvalley-Is,ğŸ‘
@PappuSahani-f3b,No shoes ğŸ‘Ÿ.. denjaraus amezon jungleğŸ˜¢ğŸ˜¢
@MilanTudu-ie1er,ğŸ˜‚ğŸ˜‚ğŸ˜‚
@ankitchand7285,â¤
@juli12349,Camera man never die.........!!!
@valdithbarros,JÃ¡  assisti â¤â¤â¤â¤
@harvanshgawdeop5400,Are bhai tu to sharj hai  bhai   hum jaise desi logo ko ye sab se kuchh nhi hota hai
@suvajitghosh3591,Next bear Grylls â¤â¤
@contentbalarishi,But i like primal surviver
@contentbalarishi,Bhai tum tatti nhi karte kya ğŸ˜‚
@VinodAdivasi-t1j,India ğŸ‡®ğŸ‡³
@SahilVahora-b6y,Sab ke sab pagalğŸ˜…ğŸ˜‚
@iqrakashif3374,Very nice video ğŸ‰ğŸ‰ğŸ‰
@AndrewBarrett-k5b,"It seems like everything there will either bite, poke, cut, or sting you... including the plants â˜˜ï¸."
@Sajidabanobano,Kudrat ki bnaye natural chigo ko janwaro ko pareshan na karo please
@Ranjeet-k3l,Kamal karte Ho Ji
@Abhinav_yada,Ava aav we inğŸ¤•
@Abhinav_yada,Gun aav qty
@AbuSafyan-e7z,i love pakestanâ¤â¤â¤â¤â¤â¤
@jintu7170,@skzahan1440 tere pichbare main like thoko
@Usmanshaiksaniyashaiksadaf4497,Bhai vo bag free fire me level 2 jaise  he who notice
@RockyFahad,Good ğŸ‘ luck ğŸ’¯
@polina932,Apko chappal pehenke jana hein . Khali per nehi jana chahiye
@UmarSyed-uv2in,Allah hu akbar
@hasnanraza6205,Very daring...
@Theoutdoorparadise,Kamse kam chappal to phen lete ğŸ˜‚
@RAJESHMANDAL13-W,Cemara man à¤•à¥‹ à¤•à¥‹à¤ˆ à¤¦à¤¿à¤•à¥à¤•à¤¤ à¤¨à¤¹à¥€à¤‚ à¤¹à¥‹à¤¤à¥€ à¤•à¤¿à¤¯à¤¾ ğŸ˜‚ğŸ˜‚
@AnubhawGurung,ğŸ“· jai bhole nath ğŸ˜‚
@shammayasmeen7477,Mujhe apki video bhut achi lagti h ap kitna mehnat karte h good bless you bhai allah apko apki har khawahish puri kareâ¤ğŸ˜Š
@FarooqBalooch-u4j,Ye to purani episode by yarrrr
@FarooqBalooch-u4j,Ye to purani episode by yarrrr
@FarooqBalooch-u4j,Ye to purani episode by yarrrr
@Punit-l7q,Kide khane vale ğŸ˜®
@Official-dream-girl-23,Kon kon abhi dakha raha haiğŸ˜ŠğŸ˜ŠğŸ˜Š
@shaikaltaf4355,Nice ğŸ˜‚ğŸ˜‚
@BestFriendAsYou,Bro chapal to phenteğŸ˜‚ğŸ˜‚ğŸ˜‚ğŸ˜‚
@SK-ro4ij,Bhai bina chappal ghoom rhe ho jungal me dar nhi lgta kya
@Rahulzeng,Kuch to gadbad he dya jab ye chalta he to barish hoti h aur rukta he to band ho jati pta lagao dya mamla kya heğŸ˜‚ğŸ˜‚
@Rahulzeng,Tabhi to bolu ki Europe ke jungle kaise itne jal rhe heğŸ˜‚ğŸ˜‚ğŸ˜‚
@Rahulzeng,Itna bada fish sirf Bane dame nahar me hi milta he chote Nadi me nahiğŸ˜‚ğŸ˜‚ğŸ˜‚ğŸ˜‚ğŸ˜‚
@Rahulzeng,Bhai fish aaphi ne dala janbujhkarğŸ˜‚ğŸ˜‚ğŸ˜‚ğŸ˜‚
@pramodnaik2384,Are bhai chopaol pehenlo year bhohot dar lanrahai app kuch ho na jai
@nilesh1391,"Camera man  may to Durr say hi record karugaa 
Helpless ğŸ˜¢"
@Jonyvlog-m2m,I hate dubbed video more hate is hindi hopeless pls stop this kind of dubbed video they are trying so hard for there subscriber to watch happy but you guys are simply sitting in a comfortable place and just talking this and that.
@djkobir7791,Bangladesh â¤â¤â¤â¤â¤â¤â¤â¤
@VlogerX001,Camra men never die ğŸ˜¢ 4:30
@imranalam6481,Video Quality thoda aur badha diya kro atleast 2k to kr do
@ziaburrahman6690,Tum single nahe hoğŸ˜‚ğŸ˜‚ğŸ˜‚ğŸ˜‚
@tusar0096,Camera men Kiya karaha tha â¤â¤ğŸ˜‚ğŸ˜‚ğŸ˜‚ğŸ˜®ğŸ˜®
@HANX_ster,Bro 2014 ki yad dila diğŸ˜¢
@Mayankraval-zc5dc,â¤â¤â¤â¤
@ALLNEWMOVIE-d8n,Kon kon //ODISHA//Se hai â™¥ï¸ like karo
@MdSifat-l6f,camera men never die
@RajuGuru-b4q,Sdffewefe on my phone on my way home now on the same my way home now and then delete this email is strictly forbidden and then we will have a good time for me and I am a little more bodybuilder vs my phone is strictly forbidden to be in touch and I am not on my phone on my way home from the end to end of this week to be a little more bodybuilder real stick with it and then delete this email and I will have a good time for the end to end of this email
@Utkarshh00,Camera man kon h
@Ral.F.F.b,â¤
@Sandeepfitnessboy-,Shoes pehen liya karo jab aap jungle me nange pair chalte ho to mujhe dard hota hai ğŸ˜¢ğŸ˜¢
@samalight8721,John Wick ğŸ˜‚
@CHANDRIKA2007-b4h,Bear Grylls â¤
@Iitandhruba,Kon kon 11th me?ğŸ˜…
@showyouraim6902,27 Oct 2024 ko kon dekh rha hai like kareğŸ˜‚ğŸ˜‚cg Wale to jarur like kareğŸ˜‚
@soumyaranjanprusty6154,Why he is not using boot ğŸ˜®
@gautomdutta2384,Daily one ep plz
@VikshGautam-b4u,ğŸ˜ŠğŸ˜ŠğŸ˜®ğŸ˜®ğŸ‰ğŸ‰â¤
@arojsekh1545,Bear grill se aage
@virusboy8164,Yrr dost ek baat bata chappal to pahen Leta. Nange per Jana jaruri h kya agar kaata chup gaya to
@Spark77.7,15:24 ğŸ˜¢ğŸ˜Š good luck monkeyğŸ’ğŸµğŸ™ˆ
@studytimeandplaytime8739,Usse dekh hamko dar lag raha hai itni badi forest me Khali foot chal rahe hai
@Dollytyagi-g4l,Aaara wha ladkağŸ˜‚
@sadiqshah9649,You are a big lair ğŸ˜‚
@bhuvaneshchandra4078,Bradely cooper
@JoydeepBhowmik-gs6wq,Hour ğŸ’ŒğŸŒº
@GideonteronGideonteron,This is my aim in life I really want to explore the nature...
@ALONE-iq9vt,Amazing ğŸ˜
@TarasHansda-ct4xq,Who interested to explore the forest â¤
@diash9593,ğŸ˜‚ğŸ˜‚ But why Cameraman never in danger âš¡ğŸ˜…
@NilutpalBorah-zs8wt,Ake nhi gaya ho cammera man tumhare sath hein â¤ğŸ˜Š
@prabalSarma..64,Why you don't ware a slipers or choes ?
@Satishbhilalaa,Bechare cemaramen  bhi nahi dikhaya
@Riteshthakur-85,Nice
@StarRajofficial,Are you married Dezen sirâ¤â¤ğŸ˜Š
@VishnuDas-r3q,Your are best surviver best of luck sir ğŸ¤ carry on ğŸ«¡ğŸ«¡ğŸ«¡
@aju710,33:10
@TheEchoNova,Camera man Atma hai kyare? 25:21
@AbhishekGupta-ew9fe,Aadha hakikat aadha fasanağŸ˜‚ğŸ˜‚ğŸ˜‚ğŸ˜‚ğŸ˜‚ğŸ˜‚ğŸ˜‚ğŸ˜‚
@pradeepangarkhe2544,à¤…à¤à¤¡ à¤¸à¥à¤•à¥‹à¤°
@pradeepangarkhe2544,à¤®à¥€ à¤¤à¥à¤®à¤šà¥à¤¯à¤¾à¤¸à¥‹à¤¬à¤¤ à¤†à¤²à¥‹ à¤¤à¤° à¤šà¤¾à¤²à¥‡à¤² à¤•à¤¾
@RohitChaudhari-vi2ce,ğŸ˜®ğŸ˜®ğŸ˜®
@jameenjames3989,I also like this and waiting for new episode
@à¤ˆà¤¶à¤µà¤°à¤šà¥Œà¤§à¤°à¥€-à¤£1à¤,à¤ˆà¤¸ à¤­à¤¾à¤ˆ à¤¨à¥‡ à¤†à¤— à¤¬à¥‚à¤à¤¾à¤ˆ à¤¨à¤¹à¥€à¤‚ à¤‡à¤¸à¥€ à¤¤à¤°à¤¹ à¤œà¤‚à¤—à¤² à¤®à¥‡à¤‚ à¤†à¤— à¤²à¤—à¤¤à¥€ à¤¹à¥ˆ
@brotherrameez,Camera man kon ha
@Lofi_world_0.7,BHAI KOI MUJHE BAta Do VIDEO KAON BANA RAHA HOTA H ğŸ¤”ğŸ¤”
@Lofi_world_0.7,BHAI KOI MUJHE BAta VEDEO KAON BANA RAHA H ğŸ˜®ğŸ˜…
@swadhinghosh8845,http://www.youtube.com/@UltraTechAnalise
@deepsingh9891,Nange pairğŸ˜®
@Susan-qo7sk,Nepali log like kardoğŸ˜Š
@xdgRaju,à¨–à¨¾à¨²à¨¸à¨¾ à¨‡à¨¦à¨¾à¨‚ à¨¨à¨¹à©€à¨‚ à¨•à¨°à¨¦à¨¾
@CHETTRY-y9l,Camra man is real legend in video ğŸ˜‚
@arohikumar2353,Younger brother of bear Grylls ğŸ¥¶
@PinkuRaaj-ix9iw,ğŸ˜®ğŸ˜®ğŸ˜®ğŸ˜®
@sohilkumar-t7t,NICE TRY BUT DON'T TRY AGAIN
@RajatGorh,19:00 what ? ğŸ˜‚ğŸ˜‚ğŸ˜‚
@Anime_guruM,75% fake
@shortsaylenvlog7400,Akela h to cemera kon kr h lowra ğŸ˜‚ğŸ˜‚ğŸ˜‚
@benhaj750,This caterpillar sting me many times so painful
@VikasKumarMeravi,Har video me 18 sal ya bachpan se karna chahte theğŸ˜…
@i.stechnical1056,Best part jaint fish mil gyi pet bhar Kar khana mil gaya ğŸ˜Š
@Jaminikharsel1324,ğŸ”¥ğŸ”¥ğŸ”¥ğŸ”¥ğŸ”¥ğŸ”¥ğŸ”¥ğŸ”¥ğŸ”¥ğŸ”¥ğŸ”¥ğŸ”¥ğŸ”¥ğŸ”¥ğŸ”¥ğŸ”¥ğŸ”¥ğŸ”¥ğŸ”¥ğŸ”¥ğŸ”¥ğŸ’¯ğŸ”¥ğŸ”¥ğŸ”¥ğŸ”¥ğŸ”¥ğŸ”¥ğŸ”¥ğŸ”¥ğŸ’¯ğŸ’¯ğŸ”¥ğŸ”¥ğŸ’¯ğŸ’¯ğŸ’¯ğŸ’¯ğŸ’¯ğŸ’¯ğŸ”¥ğŸ”¥ğŸ”¥ğŸ”¥ğŸ”¥ğŸ”¥ğŸ”¥ğŸ”¥ğŸ”¥
@RandomvideoAka,He catch first small fish and it rotten  use fish for bate and big fish eat that dead smell rotted it is not suitable for eating I'm right
@SumerShaikh-x4o,Super ğŸ’¯
@SumerShaikh-x4o,BrrvoğŸ˜®
@RakeshTripura-p6l,If you are alone where is the camera men  lol
@maya.v.official,Camera kaise charge krta hai bhai
@Rudra..994,"Is show me hunting and food, camping dikhate nhi matlab o scene cute hota hai ya shoot nhi hota... à¤®à¤¤à¤²à¤¬ à¤¯à¥‡ hazen jungel me à¤ªà¤¿à¤à¥à¤à¤¾ burger khata hai... Primal show me"
@SureshSoni-dp8sj,Nya.episod.daliye
@dineshpagare,Super
@Rahuldesitraveller,Recently i travelled the most dangerous snake island watch full vlog link in bio fast ğŸ‡®ğŸ‡³
@Rahuldesitraveller,Recently i travelled the most dangerous snake island watch full vlog link in bio
@amrishchaubey-rs2ug,heyy
@level_0_gaming27,"I can't even imagine, how he is able to walk bare foot in such a death valley. He is like A invincible man having UI mode in reality like Lookism webtoon character GUN.ğŸ˜…ğŸ˜…"
@vidyapatel7077,God bless you ğŸ•‰ï¸ğŸ‡®ğŸ‡³
@MbbsKhan-ik4ms,ğŸ˜…ğŸ˜…ğŸ˜…ğŸ˜…ğŸ˜…ğŸ˜…ğŸ˜…ğŸ˜…ğŸ˜…ğŸ˜…ğŸ˜…ğŸ˜…ğŸ˜…ğŸ˜…ğŸ˜…ğŸ˜…ğŸ˜…ğŸ˜…ğŸ˜…ğŸ˜…ğŸ˜…ğŸ˜…ğŸ˜…ğŸ˜…ğŸ˜…ğŸ˜…ğŸ˜…ğŸ˜…ğŸ˜…ğŸ˜…ğŸ˜…ğŸ˜…ğŸ˜…ğŸ˜…ğŸ˜…ğŸ‰ğŸ‰ğŸ‰ğŸ‰ğŸ‰ğŸ‰ğŸ‰ğŸ‰ğŸ‰ğŸ‰â¤â¤â¤ğŸ˜‚ğŸ˜‚ğŸ˜‚ğŸ˜‚ğŸ˜‚â¤ğŸ‰ğŸ˜¢ğŸ˜®ğŸ˜®ğŸ˜…ğŸ˜ŠğŸ˜ŠğŸ˜¢ğŸ‰ğŸ˜‚ğŸ˜‚ğŸ˜‚ğŸ‰ğŸ˜¢ğŸ˜…ğŸ˜ŠğŸ˜…ğŸ˜¢ğŸ˜®ğŸ˜…ğŸ˜Šâ¤ğŸ˜‚ğŸ‰ğŸ˜¢ğŸ˜®ğŸ˜…ğŸ˜Šâ¤ğŸ˜‚ğŸ‰ğŸ˜¢ğŸ˜®ğŸ˜…ğŸ˜…ğŸ˜…ğŸ˜…ğŸ˜…ğŸ˜…ğŸ˜…ğŸ˜…ğŸ˜…ğŸ˜…ğŸ˜…ğŸ˜…ğŸ˜…ğŸ˜…ğŸ˜…ğŸ˜…ğŸ˜…ğŸ˜…ğŸ˜…ğŸ˜…ğŸ‰ğŸ‰ğŸ‰ğŸ‰ğŸ‰ğŸ‰ğŸ‰ğŸ‰ğŸ‰ğŸ‰â¤â¤â¤ğŸ˜‚ğŸ˜‚ğŸ˜‚ğŸ˜‚ğŸ˜‚â¤ğŸ‰ğŸ˜¢ğŸ˜®ğŸ˜®ğŸ˜…ğŸ˜ŠğŸ˜ŠğŸ˜¢ğŸ‰ğŸ˜‚ğŸ˜‚ğŸ˜‚ğŸ‰ğŸ˜¢ğŸ˜…ğŸ˜ŠğŸ˜…ğŸ˜¢ğŸ˜®ğŸ˜…ğŸ˜Šâ¤ğŸ˜‚ğŸ‰ğŸ˜¢ğŸ˜®ğŸ˜…ğŸ˜Šâ¤ğŸ˜‚ğŸ‰ğŸ˜¢ğŸ˜®ğŸ˜…ğŸ˜Šâ¤ğŸ˜‚ğŸ‰ğŸ‰ğŸ‰ğŸ‰â¤ğŸ˜‚ğŸ˜‚ğŸ˜‚ğŸ˜‚ğŸ˜‚ğŸ˜‚ğŸ˜‚â¤ğŸ˜‚ğŸ‰ğŸ˜¢ğŸ˜®ğŸ˜…ğŸ˜ŠğŸ˜Šâ¤ğŸ‰ğŸ˜¢ğŸ˜®ğŸ˜…ğŸ˜ŠğŸ˜…ğŸ˜…ğŸ˜…ğŸ˜…ğŸ˜…ğŸ˜…ğŸ˜…ğŸ˜…ğŸ˜…ğŸ˜…ğŸ˜…ğŸ˜…ğŸ˜…ğŸ˜…ğŸ˜…ğŸ˜…ğŸ˜…ğŸ˜…ğŸ˜…ğŸ˜…ğŸ˜…ğŸ˜…ğŸ˜…ğŸ˜…ğŸ˜…ğŸ˜…ğŸ˜…ğŸ˜…ğŸ˜…ğŸ˜…ğŸ˜…ğŸ˜…ğŸ˜…ğŸ˜…ğŸ˜…ğŸ˜…ğŸ‰ğŸ‰ğŸ‰ğŸ‰ğŸ‰ğŸ‰ğŸ‰ğŸ‰ğŸ‰ğŸ‰â¤â¤â¤ğŸ˜‚ğŸ˜‚ğŸ˜‚ğŸ˜‚ğŸ˜‚â¤ğŸ‰ğŸ˜¢ğŸ˜®ğŸ˜®ğŸ˜…ğŸ˜ŠğŸ˜ŠğŸ˜¢ğŸ‰ğŸ˜‚ğŸ˜‚ğŸ˜‚ğŸ‰ğŸ˜¢ğŸ˜…ğŸ˜ŠğŸ˜…ğŸ˜¢ğŸ˜®ğŸ˜…ğŸ˜Šâ¤ğŸ˜‚ğŸ‰ğŸ˜¢ğŸ˜®ğŸ˜…ğŸ˜Šâ¤ğŸ˜‚ğŸ‰ğŸ˜¢ğŸ˜®ğŸ˜…ğŸ˜Šâ¤ğŸ˜‚ğŸ‰ğŸ‰ğŸ‰ğŸ‰â¤ğŸ˜‚ğŸ˜‚ğŸ˜‚ğŸ˜‚ğŸ˜‚ğŸ˜‚ğŸ˜‚â¤ğŸ˜‚ğŸ‰ğŸ˜¢ğŸ˜®ğŸ˜…ğŸ˜ŠğŸ˜Šâ¤ğŸ‰ğŸ˜¢ğŸ˜®ğŸ˜…ğŸ˜Šâ¤ğŸ‰ğŸ˜¢ğŸ˜…ğŸ˜ŠğŸ˜ŠğŸ˜ŠğŸ˜…ğŸ˜…ğŸ˜…ğŸ˜…ğŸ˜…ğŸ˜…ğŸ˜…ğŸ˜…ğŸ˜…ğŸ˜…ğŸ˜…ğŸ˜…ğŸ˜…ğŸ˜…ğŸ˜…ğŸ˜…ğŸ˜…ğŸ˜…ğŸ‰ğŸ‰ğŸ‰ğŸ‰ğŸ‰ğŸ‰ğŸ‰ğŸ‰ğŸ‰ğŸ‰â¤â¤â¤ğŸ˜‚ğŸ˜‚ğŸ˜‚ğŸ˜‚ğŸ˜‚â¤ğŸ‰ğŸ˜¢ğŸ˜®ğŸ˜®ğŸ˜…ğŸ˜ŠğŸ˜ŠğŸ˜¢ğŸ‰ğŸ˜‚ğŸ˜‚ğŸ˜‚ğŸ‰ğŸ˜¢ğŸ˜…ğŸ˜ŠğŸ˜…ğŸ˜¢ğŸ˜®ğŸ˜…ğŸ˜Šâ¤ğŸ˜‚ğŸ‰ğŸ˜¢ğŸ˜®ğŸ˜…ğŸ˜Šâ¤ğŸ˜‚ğŸ‰ğŸ˜¢ğŸ˜®ğŸ˜…ğŸ˜Šâ¤ğŸ˜‚ğŸ‰ğŸ‰ğŸ‰ğŸ‰â¤ğŸ˜‚ğŸ˜‚ğŸ˜‚ğŸ˜‚ğŸ˜‚ğŸ˜‚ğŸ˜‚â¤ğŸ˜‚ğŸ‰ğŸ˜¢ğŸ˜®ğŸ˜…ğŸ˜ŠğŸ˜Šâ¤ğŸ‰ğŸ˜¢ğŸ˜®ğŸ˜…ğŸ˜Šâ¤ğŸ‰ğŸ˜¢ğŸ˜…ğŸ˜ŠğŸ˜ŠğŸ˜ŠğŸ˜…ğŸ˜…ğŸ˜…ğŸ˜…ğŸ‰ğŸ‰ğŸ‰ğŸ‰ğŸ‰ğŸ‰ğŸ‰ğŸ‰ğŸ‰ğŸ‰â¤â¤â¤ğŸ˜‚ğŸ˜‚ğŸ˜‚ğŸ˜‚ğŸ˜‚â¤ğŸ‰ğŸ˜¢ğŸ˜®ğŸ˜®ğŸ˜…ğŸ˜ŠğŸ˜ŠğŸ˜¢ğŸ‰ğŸ˜‚ğŸ˜‚ğŸ˜‚ğŸ‰ğŸ˜¢ğŸ˜…ğŸ˜ŠğŸ˜…ğŸ˜¢ğŸ˜®ğŸ˜…ğŸ˜Šâ¤ğŸ˜‚ğŸ‰ğŸ˜¢ğŸ˜®ğŸ˜…ğŸ˜Šâ¤ğŸ˜‚ğŸ‰ğŸ˜¢ğŸ˜®ğŸ˜…ğŸ˜Šâ¤ğŸ˜‚ğŸ‰ğŸ‰ğŸ‰ğŸ‰â¤ğŸ˜‚ğŸ˜‚ğŸ˜‚ğŸ˜‚ğŸ˜‚ğŸ˜‚ğŸ˜‚â¤ğŸ˜‚ğŸ‰ğŸ˜¢ğŸ˜®ğŸ˜…ğŸ˜ŠğŸ˜Šâ¤ğŸ‰ğŸ˜¢ğŸ˜®ğŸ˜…ğŸ˜Šâ¤ğŸ‰ğŸ˜¢ğŸ˜…ğŸ˜ŠğŸ˜ŠğŸ˜ŠğŸ‰ğŸ˜¢ğŸ˜…ğŸ˜ŠğŸ˜ŠğŸ˜ŠğŸ˜Šâ¤ğŸ˜‚ğŸ‰ğŸ‰ğŸ‰ğŸ‰â¤ğŸ˜‚ğŸ˜‚ğŸ˜‚ğŸ˜‚ğŸ˜‚ğŸ˜‚ğŸ˜‚â¤ğŸ˜‚ğŸ‰ğŸ˜¢ğŸ˜®ğŸ˜…ğŸ˜ŠğŸ˜Šâ¤ğŸ‰ğŸ˜¢ğŸ˜®ğŸ˜…ğŸ˜Šâ¤ğŸ‰ğŸ˜¢ğŸ˜…ğŸ˜ŠğŸ˜ŠğŸ˜ŠğŸ˜Š
@MuqeemRaza.,Tumhare sath koi our bhi hai jo camera man hai lekin aap keh rahe ho ke me is jungle me akela hun
@serene.NTR1,Support guys new user ğŸ™ğŸ™ğŸ™ğŸ™ğŸ™ğŸ™ğŸ™ğŸ™ğŸ™ğŸ™ğŸ™ğŸ™
@anuskhanpigeon333,Ye reupload hua h episode Bhai Pagal nh bnao budget khtam hogya h kia ğŸ˜‚ğŸ˜‚
@hemantroyal6638,â¤â¤â¤â¤ğŸ‰ğŸ‰ğŸ‰
@ABUSAYEDAVUSAYED,Best bear Grylls
@nareshthapa5327,Nice
@ACboy-w7g,Koi subscribe karlo
@GarviGujarat-ok4og,à¤¯à¤¾à¤° à¤¤à¥à¤® à¤œà¤¾à¤¨à¤µà¤° à¤œà¥ˆà¤¸à¥‡ à¤¹à¥‹ à¤¬à¤¿à¤¨à¤¾ à¤œà¥‚à¤¤à¥‡ à¤‡à¤¤à¤¨à¥‡ à¤•à¤¾à¤‚à¤Ÿà¥‡ à¤µà¤¾à¤²à¥‡ à¤°à¤¾à¤¸à¥à¤¤à¥‡ à¤®à¥‡à¤‚ à¤šà¤²à¤¨à¤¾ à¤•à¥à¤› à¤­à¥€ à¤–à¤¾ à¤²à¥‡à¤¨à¤¾ à¤•à¥à¤¯à¤¾ à¤¯à¤¾à¤° à¤°à¥‹à¤œ à¤†à¤ªà¤•à¥‡ à¤µà¥€à¤¡à¤¿à¤¯à¥‹ à¤†à¤¨à¥‡ à¤šà¤¾à¤¹à¤¿à¤ à¤ªà¥à¤²à¥€à¤œ à¤‡à¤¸ à¤šà¥ˆà¤¨à¤² à¤µà¤¾à¤²à¥‡ à¤­à¤¾à¤ˆ à¤•à¥‹ à¤¨à¥‡ à¤—à¥à¤œà¤°à¤¾à¤¤ à¤¸à¥‡ à¤¹à¥‚ à¤¹à¤° à¤°à¥‹à¤œ à¤à¤• à¤µà¥€à¤¡à¤¿à¤¯à¥‹ à¤‡à¤¸ à¤­à¤¾à¤ˆ à¤•à¥‡ à¤¡à¤¾à¤²à¥‹ à¤ªà¥à¤²à¥€à¤œâ¤â¤â¤â¤â¤
@Syedallah-j1k,All episodes please upload
@chamandeeppallav9717,Itna scripted.. ohh God
@sibghatullah8795,I'm newğŸ‰ğŸ‰ğŸ‰
@sibghatullah8795,WowğŸ˜®ğŸ˜®
@Safe_india9c8,Video clips re uploaded ğŸ˜¢ğŸ˜¢
@MTK-hr4hw,New episode upload kro yaar
@beastboyvk,Bhai tujhe madhumakkhi khane de sujan kyu nahi aayi ?ğŸ§ğŸ§
@mustakimansarigaming5630,ğŸ˜®ğŸ˜®ğŸ˜®ğŸ˜®ğŸ˜®â¤
@ABBASI-j5c,Old episode Q upload Karty ho ğŸ˜¡
@Pagal_ARJUN,*Re-upload ğŸ˜¢ğŸ˜¢ğŸ˜¢*
@pitambm,Are wah upload daily â¤â¤ğŸ˜Š
@mjrmjrchattri9774,1 video 2 time upload ?
@hacaaaaaaaar_gaming4308,This video are Reupload ğŸ˜ŠğŸ˜¢
@ImranAhmad-ti5ql,Ye sala pairon mein juta kyun nahi pahenta hai
@DSmistak,Re upload Kiya h to jrur dekhenge ek baar fir
@bittukumer7106,A hi video ko kitne bar dikha  rahe ho kya yaar ğŸ˜¡
@ggssgamarYT,God bless you ğŸ§˜âœ‹
@ujwalphuke2163,"No one is better than beer griils 
If agree then lime ğŸ˜„"
@Tangibility-w,Re-upload
@AltafKhan-vw2js,Madhu makkhi ne pura jhund laga dia hi mere muuh pr ğŸ˜…ğŸ˜…ğŸ˜…ğŸ˜…
@Icandoit725,à¤¯à¥‡ à¤¸à¤¾à¤²à¤¾ à¤¤à¥‹ à¤¸à¥à¤‚à¤¡à¥€ à¤–à¤¾ à¤—à¤¯à¤¾ ğŸ˜‚ğŸ˜‚ğŸ˜‚ğŸ˜‚
@MalikJaved721,Ye old episodes hağŸ˜‚
@NavneetSagar-kl8er,Kis kis ko lagta hai ki ye video re -upload huaa hai ğŸ˜‚ğŸ˜‚
@sanjanayadavofficial6306,Please don't re-upload video
@anujbagdivlogs8675,Ye apisode dekha hai new aplod karo videos im waiting national graphics chanel
@AurabKumar-b4c,Z
@sudamaroy2810,Old video ğŸ˜…
@sarojnidevi9608,Good
@shahfaisal4227,Reuploaded content why tou are doing that.ğŸ˜‚ğŸ˜‚
@shahfaisal4227,If not upload primal survivel then i will unsubscribe this.
@shahfaisal4227,I subscribe  this channel for only  primal survivel upload regularly video.
@Realvishalkoli,Iske bad firse video reupload kiya to channel uda dungağŸ˜¡ğŸ˜¡ğŸ˜¡ğŸ˜¡
@SAKSHAM_-FX_-1,Re upload mat karo ğŸ˜¢
@andrinmicheal-it5me,Bar bar re-upload kyu karte hoğŸ˜‚ğŸ˜‚ğŸ˜‚ğŸ˜…
@Rajkumar_Chauhan_6174,Aap baar baar Re-upload kyo karate ho ?
@Ravikumar-gj6qw,Thanks for uploading this video
@mohdarif1328,Ye me dehk choka hoooğŸ˜‚ğŸ˜‚ğŸ˜‚
@Ravikumar-gj6qw,Upload new videos
@padmakarmittewad9956,à¤‡à¤¤à¤¨à¥‡ à¤¦à¤¿à¤¨ à¤à¤ªà¤¿à¤¸à¥‹à¤¡ à¤¨à¤¹à¥€à¤‚ à¤œà¤¾ à¤°à¤¹à¥‡ à¤®à¥ˆà¤‚ à¤¤à¥à¤®à¥à¤¹à¤¾à¤°à¤¾ à¤°à¥‹à¤œ à¤à¤ªà¤¿à¤¸à¥‹à¤¡ à¤¦à¥‡à¤–à¤¤à¤¾ à¤¹à¥‚à¤‚â¤â¤â¤â¤â¤â¤
@r.prahlad.kashyap85,à¤•à¥ƒà¤ªà¤¯à¤¾ à¤¨à¤¯à¥€ à¤µà¥€à¤¡à¤¿à¤¯à¥‹ à¤¡à¤¾à¤²à¥€à¤
@BhatuMore-mo5hy,Ek hi video kitni Baar dikhavoge
@Aftab211,Mai Unsubscribe karne wala tha parimal Survival ki wajah se nhi kiya
@pitashsahoo114,This video is scripted .That's why I am not enjoying this.
@JunedKhan-pn4kr,You are so very great person ğŸ‡®ğŸ‡³ğŸ‡®ğŸ‡³ğŸ‡®ğŸ‡³
@user-kn1fu6zm3m,Next ep please please please please please please please
@vikashkaimoryt4690,Reuploaded ğŸ˜…ğŸ˜…
@user-kn1fu6zm3m,Tq so much chanel man ohh tq upload k liye
@Dharmendranarve,ğŸ‘
@RqomxD,Abe cameraman ko kuch nahi hota kyağŸ˜‚
@SurajBhakt-ic1mo,Wating this episode ğŸ˜®
@guidamolla8383,Respect voice over
@Haidermota123,1 hi episode bar barğŸ˜¡
@pranavindore8798,Tu akela he to  video kon Nihal raha heğŸ˜‚ğŸ˜‚ğŸ˜ŠğŸ˜…
@GaminglaverB28,Re-upload ğŸ˜…
@sahilgoswami2.0,New video upload ğŸ™‚ğŸ™‚ğŸ˜¡ğŸ˜¡ğŸ˜¡ğŸ˜¡ğŸ˜¡ nahi to unsubscribe ğŸ˜¡ğŸ˜¡ğŸ˜¡
@gauraba.9028,â¤â¤â¤â¤â¤â¤â¤â¤
@Namdevbrothers,à¤¯à¥‡ à¤¬à¤¾à¤° à¤¬à¤¾à¤° à¤«à¤¿à¤° à¤µà¤¹à¥€ à¤µà¥€à¤¡à¤¿à¤¯à¥‹ à¤•à¥à¤¯à¥‹à¤‚ à¤…à¤ªà¤²à¥‹à¤¡ à¤•à¤¿à¤¯à¤¾ à¤œà¤¾ à¤°à¤¹à¤¾ à¤¹à¥ˆ ğŸ˜®ğŸ˜®ğŸ˜®
@Live-Roster_1424,Movie sey Acha lagta Hey....... Mujhey..... Regularly Upload Hona Chhaiye......... â¤
@roushan2930,Re uploaded videos ğŸ˜…
@amasha9840,Re upload - unsubscribe done âœ…
@urmimalapanditdas7768,Cameraman never diesğŸ˜‚â¤â¤
@mustakimansarigaming5630,ğŸ˜®ğŸ˜®ğŸ˜®ğŸ˜®ğŸ˜®â¤
@JayeshalkemAlkem,Regular upload primal video
@CRAFTLandminiature80.k,20 din hogaya koi episode nhi aya main tk unsubscribe karne wala hi tha ğŸ˜Šplz yarr humara favourite national geographic plz chanel se nivedan hai ki ese hi vdi upload kar te raho plz yarr humara Jan. Hai yeh Chanel
@francisbarreto3300,ğŸ‘ğŸ‘ğŸ‘ŒğŸ‘ŒğŸ™ğŸ‘
@SahanwajHasmi,Sir I'm waiting you video ğŸ˜®
@mohdibrahim-1427,Re-uploadedğŸ˜¢
@Jerrydewan,Great information about Amazon
@Crazyovercrazyover,Sahi baat hai
@JunaidAli-ct2qi,"dbra nhe schn ga seedha kr dn ga unsubscribe.
agr daily epi naa i tğŸ˜¡ğŸ˜¡"
@dilsadalam898,Old video
@realityworld5962,Aik hi episode bar bar
@daniyalmustafa8284,Old episodes
@nikhilshukla2043,Bhai aur koi video daal ya na daal lekin primal Survivor's ka video chahiye hamesha nhi to unsubscribe kerne me time nhi lagega kisi ko bhi.
@71.ozairkhan,Waiting for this show every day
@jonabasumatary2319,Re-upload kitna bar karoge
@imransanna6896,Old episode
@Tiwar293,Isko shoes de do koi ğŸ˜‚
@Lifeyshorts89,Again uploaded same episode
@imransanna6896,Sir you very late
@surajgiri7216,Waiting this video
@sufyanabrari,Bhai a to purana video he
@sufyanabrari,Bhai kab se intizar kar rha tha ğŸ˜®ğŸ˜®
@shivendrapandey9391,"bhai kuchh naya dalo ye purana hi 

ya wear grill ki video dalo"
@Broken_Rock_ff,Phir se upload kar diya ye ğŸ˜­
@skzahan1440,"My favourite primal survivor... always waiting for new episode..

Primal Lover jaldi jaldi Like karoğŸ˜"
@surajkumarsurajkumar486,You have to wear safety boots
@patel.furkan7578,Ye to dekha hua vlog hai bhai purana hai ğŸ˜‚ğŸ˜‚ğŸ˜‚
@hardeepkumar7688,Ek hi video ko kitne baar daloge yr
@vickyartist3341,Ye episode phele bhi aa chuka same episode upload kar diya ğŸ˜… me dekh chuka ye episode phele bhi
@ROBLOX_0915,Kitni baar ek h episode dalo gya ğŸ˜¢
@Akashthakur1423,Chuna Laga Diya re ğŸ˜®ğŸ˜® ye  re aplod Kiya he
@patel.furkan7578,Me bhi unsubscribe karne vala tha sach me pr aa gya primal
@actionmovie.a2z,Purana apisode bar bar dikhana band kare
@KripaShankar-wg5uw,Bahut mast video lagata inhe unsubscribe mat karo kiyu ki maine usku subscribe nahi kiya hai ğŸ˜‚ğŸ˜‚ğŸ˜‚baas video dekh ta ho aur chala jata hua
@pushkarkumar9792,Jaldi jaldi comment kar deta huğŸ˜‚ like milgağŸ˜…
@PrakashYadaw-t7h,Why were you not uploading the video? If you don't want to make this video then delete the channel.
@ChandermaniSarsa,Chlo yaad to aya
@Mukeshjoshi-t7i,Seems you are stupid or you doing this purposely. You donâ€™t know how to deal with honey bee ğŸ. If honey bee bit face get swelling but you donâ€™t have. Means didnâ€™t bite you.  Over acting
@storyworld-o9n7y,Old episode uploaded ğŸ˜¢ğŸ˜¢
@Nikhil-N01,Tumara dimak karab hageya kiya
@äº—PiKACHU,Same video kitna br upload krega bhiğŸ˜ 
@Ayushyt9336,Plz don't upload repeat episode ğŸ˜¢ğŸ˜¢ğŸ˜¢
@DEFERENTIAL80,Bhai aap akele nahi hai à¤•à¥ˆà¤®à¤°à¤¾ man ke saat ho aap 3:35 ğŸ˜…ğŸ˜…ğŸ˜…ğŸ˜…ğŸ˜…
@ajaythakorofficial3723,So beautiful â¤
@dineshdora5059,We want primal survival â¤â¤â¤â¤â¤ me abhi channel unsubscribe korne Bala tha lekin tnx god ageya aur ek episode â¤â¤â¤
@AkkiBlogger,Yar ye dekha hua hai bhai ğŸ˜¢
@Jafaralsadiq-s8v,Double double video dal raha hai or kya kar sakte hai new video nahi aaraha hai ğŸ˜‚
@dracomusiic,Fck this chnnl.... Just kept on re uploading old videos
@sudarshansaini5518,One like ğŸ‘ğŸ»  for camera man ğŸ‘¨ â¤â¤
@iam_yashvin,Video re-upload mat karo please ye episode ke liye he subscribe kiye hai hum ğŸ˜’
@zaidfoodcreator,This is previous episode
@kirtichauhan6262,Re-uploaded ğŸ«¤ğŸ«¤ğŸ«¤ğŸ«¤
@Alone00786,Re-upload very sad ğŸ˜”
@Jafaralsadiq-s8v,A video daily ana cahiye nahi toh chennal death ho jayega ğŸ‰
@goldigolaGG,ğŸ˜… à¤®à¥ˆà¤‚à¤¨à¥‡ à¤¤à¥‹ à¤…à¤¨à¤¸à¤¬à¥à¤¸à¤•à¥à¤°à¤¾à¤‡à¤¬ à¤•à¤° à¤¹à¥€ à¤¦à¤¿à¤¯à¤¾
@Poosam19,Repeated video hai new video leke aooâ˜‘ï¸â˜‘ï¸â˜‘ï¸â˜‘ï¸â˜‘ï¸â˜‘ï¸â˜‘ï¸â˜‘ï¸â˜‘ï¸â˜‘ï¸â˜‘ï¸â˜‘ï¸â˜‘ï¸â˜‘ï¸â˜‘ï¸â˜‘ï¸âš«âš«âš«â˜‘ï¸â˜‘ï¸â˜‘ï¸â˜‘ï¸â˜‘ï¸â˜‘ï¸âš«â˜‘ï¸â˜‘ï¸â˜‘ï¸â˜‘ï¸â˜‘ï¸â˜‘ï¸â˜‘ï¸â˜‘ï¸â˜‘ï¸
@sunderji1776,Ye repeat Mt daalo
@dreamsumit,Purana episode phir se upload kar diya haiğŸ˜‚ğŸ˜‚ popat banya sabka
@subirmandal3251,Me to unsubscribe kar hi diya tha fir se diya to kar diya lagatar dete raho nahi to unsubscribe kar dengeğŸ‰
@yogeshwadkar6589,primal surivor video ke liye bhahot wait karna padta hai plz jaldhi se upload kiya karo? one week kabhi kabhi wait karna pdta hai
@Crazyworldmusi,Latest episode dalo parimal survival k nhi unfollow mar dunga
@b.ghalan4019,hum ab koi bhi video nahi dekhungağŸ˜®ğŸ˜®
@VandanaJagat-ld9hs,Aapko soch k chinta ho raha ha tha
@Navneet625,Baar baar same video upload ho rha hai ğŸ˜¡ğŸ˜¡
@padrikhan4281,Plz no return uploaded episode ğŸ˜¢
@padrikhan4281,Thanks good finaly  upload this episode hazel ğŸ‰
@Cobragaming11111,You are so late
@SudhanshuKumar-s1f,Uploaded only primal survivor
@Mohadese-mn2ew,Ø¨Ø§Ø§ÛŒÙ†Ú©Ù‡ ØªÚ©Ø±Ø§Ø±ÛŒ Ø§Ø³Øª ØŒ ÙˆÙ„ÛŒ Ø§Ø±Ø²Ø´ Ø¨Ø§Ø±Ù‡Ø§Ø¯ÛŒØ¯Ù† Ø±Ø§Ø¯Ø§Ø±Ø¯.Ø§ÛŒ Ú©Ø§Ø´ Ù…ÛŒ ØªÙˆØ§Ù†Ø³ØªÙ… Ù…Ø«Ù„ Ù‡ÛŒØ²Ù† Ø§Ø²Ø·Ø¨ÛŒØ¹Øª Ù„Ø°Øª Ø¨Ø¨Ø±Ù….Ø§ÙˆÙ† Ù…Ø«Ù„ Ø¨Ú†Ù‡ Ù‡Ø§Ø§Ø²Ù‡Ù…Ù‡ Ú†ÛŒØ²Ù„Ø°Øª Ù…ÛŒ Ø¨Ø±Ø¯.Ù‡ÛŒØ²Ù† Ù…Ø±Ø¯Ø¯ÙˆØ³Øª Ø¯Ø§Ø´ØªÙ†ÛŒØ³Øª..Ø§ÙˆÙˆØ§Ù‚Ø¹Ø§Ø¯ÙˆØ³Øª Ø·Ø¨ÛŒØ¹Øª Ø§Ø³Øª..Ø§Ù…ÛŒØ¯ÙˆØ§Ø±Ù… Ù‡Ù…ÛŒØ´Ù‡ Ø´Ø§Ø¯ÙˆØ³Ù„Ø§Ù…Øª ÙˆÙ…ÙˆÙÙ‚ Ø¨Ø§Ø´Ø¯...ğŸ™ğŸ‘ğŸ‘ğŸŒ¹ğŸ¤²ğŸ‘ğŸ‘ğŸ™
@film-u5v,Please upload new episode
@ChetanThandan,Naya episode dalo yr warna unsubsribe
@Darkwed-to3eh,Kis kisko adventurers life pasand hain â¤
@Rott.8200,Drone kon operate karta hai
@imNuMo,Pahle hi dekha hua h
@AltafKhan-yz3sd,Kitne time se wait kr rhe the kaha mar gye the yar ğŸ˜ğŸ˜
@Gniggavaga,Download karke Hazen ko dekhte dekhte sone ka jugad ho gya ğŸ˜‚ğŸ˜‚ kaun kaun aisa karta hai? ğŸ˜Š
@mdazad-ii2jh,Finally
@SarfuAnsari-sb1og,Salo episode nahi bana to Re Upload kar diya ğŸ˜‚ğŸ˜‚ğŸ˜‚ğŸ˜‚ğŸ˜‚ğŸ˜‚
@premaanand_shorts,ReuploadedğŸ˜‚ğŸ˜‚
@kingofmurga4292,ğŸ˜…ğŸ˜…ğŸ˜…
@kingofmurga4292,To bacha hua fish ka kya hua
@sakshchoudhary616,Repeat ep ğŸ˜¢
@GaneshPatil-m7r,ğŸ˜ ğŸ˜ ...Meine ye Dekga he bar bar vohe series dalte Hain lagta hai dekhna hi band karna padega...ğŸ˜ ğŸ˜ ğŸ˜ 
@d9mRAMJI,Love from Pakistan bro keep uploading everyday plizzz plizzz plizzz plizzz plizzz plizzz plizzz plizzz plizzz plizzz plizzz plizzz plizzz plizzz plizzz plizzz plizzz
@sajidsayedaesthetics2255,"bolta ha ek cut se infection ho sakta he , aur wahin bina joote chappal ke ghumta ha ğŸ˜‚,"
@sarvjeet355,Ye to puraana episod hai
@sarvjeet355,Aaa gye Bhai primal servivor
@rajnikantkumar9522,Very nice adventure â¤â¤â¤â¤
@AbidHussainHussaina,This episode is old i remember
@APPU_GAMER5,Reuploded video ğŸ˜¢
@RayugaReings,Respect Button âœ… For the Cameraman ğŸ“¸
@SanjoyHembram-mx3vw,I love you bro â¤ğŸ‰
@Errorsf95,Unsubscribe this channel
@Proyusuff,Mujhe ye series dekhna bhout pasand ge ğŸ˜…
@RayugaReings,Bhai Safety shoes use kiya kr ğŸ˜¢ warna lene ke Dene padenge infection hua toh
@DHUBRI78330,Respect
@akgaming9695,ha bro daile aana chaea like kaeo
@rajaakhat_500patan6,Bhai video mukta aatlo time kem lagiyo
@Vansh_Partap,Jisne bhi yah episode pahle dekha hua hai like karo ğŸ˜¢
@alsaremprintingservice6269,Same same video
@Asad_Khan22,Old videoğŸ˜¢
@ritikraushan3610,i love my india.ğŸ¥°ğŸ¥°
@Muhammadsalarhassan,Episode 4&5 upload
@firdusx3538,aapka video mujhe bahut Achcha lagta hai â¤â¤
@alsaremprintingservice6269,I think I've seen videos like this before
@AMITChaudhary-lv1wg,Fir se Wohi episode upload kar diya pagal insaan ne ğŸ˜¡
@DsJourney2.0,Bhai Reuplode episode mat dalo yaar dekha huaa hain it episode bro try to get a new episode next time plzz
@srutijagat7616,Ye to purana episode hai bar bar usi ko post lar rahe hai
@CrazyGaming-zz6wh,Are bhai primal survivor ke video jaldi se jaldi dala karo
@funnygamer1142,Kon kon new video ka intezar kar raha hai
@funnygamer1142,Kis-kis ne is video ka basebri se intezar Kiya hai ğŸ˜¢ğŸ˜‚ğŸ˜‚
@amnzyx,"Really I like your all video, big fan"
@jbbindasskshetry2451,Naya episode dalo yaar ğŸ˜¢ğŸ˜¢ğŸ˜¢
@AnanJamatia-p1e,Sahii kahaa harr rose aana chaheye
@jaymaharashtra2515,thank you team â¤â¤â¤
@vinodkumar-nj1yg,Re uploaded
@SanjibKumarTharu-d3l,Dekha dekha huwA episode kaun dal raha be ğŸ˜¡ğŸ˜¡
@NeeteshRathod,Thank you so much please upload daily new episode â¤â¤â¤â¤â¤â¤
@Vlog00001,Bahut dino baad ğŸ˜¢
@hamragamerbhai9861,Jaldi jaldi episode daliyega
@PELAPATOFF,Ayo this video is not new
@himashudhariya2333,Old episode
@RAJMODDERR,Bhai 1 vedio 1 hi bar dalo contant ki kami hai to hamare haweli pe milo
@DLX44,Video dala karo yarrr pls ğŸ˜¢
@bhardwasrohit2002,Jaldi Se Comment Krdeta hu SUBSCRIBERS  Badh jyengeğŸ˜‚
@struggler-here,Only Legend know re-uploaded episode ğŸ˜…
@siddheshbhosale2339,"National Geographic India you uploaded this series after so much long time and you repeated the already uploaded video.
We want new episodes of 'Primal Survivor' series."
@sanjaykujur7615,Fir se upload kr Diya is ko pahle dekh chuke hy
@THEANALYSIS97,M ek upsc aspirant hu parday library m jaate hi first primal survivor dekhta hun fr acche s padhta hun
@THEANALYSIS97,Lekin  y old wala daal diya ğŸ˜Š
@Blessedbarber123,Welcome â¤
@RareClips324,FinallyğŸ‰
@AsadNiz-k4e,Old video
@AnupDeb-kt2tu,Finally Episode ğŸ˜¢
@deepabara-dh1xl,big fan bro â¤â¤
@VishalVerma-l1c,Ye episode daikha hua hai please repted video na daleğŸ˜¢ğŸ˜¢ğŸ˜¢ğŸ˜¢
@milanofficil,Love from india â¤ğŸ‰
@PartimaDas-yn8pe,Guys ya bhi re-upload ep h na shyd
@milanofficil,Jaldi video dala karo isi video ke subscribe Kiya hu ğŸ‰
@Nonstopgamer1802,Ma bhi unsubscribe karne wala hi tha mere ko sirf parimal survivar ki video hi acchi lagti hai
@HarrySidhu271,Old episode ğŸ˜¢
@IM_BUTTERFLY_FOREVER,reuploaded content ğŸ˜
@From-your-heart09i,Bhai ye ky bich me ghar chala gaya tha ğŸ˜‚ğŸ˜‚ğŸ˜‚
@vh15274,Main to  unsubscribe karne wala thağŸ˜®
@shivrajdevvines5401,Re uploading ğŸ˜®
@ankitkumar9038,â¤â¤
@sanjoormian477,"Bhai new episodes dalo yaarr
Ye purana wala hai"
@Naturlife123,Finally Episode ğŸ˜¢â¤
@raselbadil6712,Love itâ€™s form Bangladesh ğŸ‡§ğŸ‡©â¤ï¸
@Babulusuna-lr6rq,Aakhir ka sakoon Ahigeya Thanks broâ¤
@Neetaspirant002,Maine ye phle hi dekh liya hai ğŸ˜…
@faizanwazir9467,"At last wait is overğŸ˜¢
Plx upload daily one ep â¤"
@Abh29134,Unsubscribe karne hi wala tha lekin ab lagatar aana chahiye primal survivar ğŸ˜ 
@AMITChaudhary-lv1wg,Finally aagaya â¤
@AbhishekYadav-ld9lt,Repeated video
@soumakbinduwildlife,Most awaited show
@harshitchaudhary7840,Reuploaded ğŸ˜‚ğŸ˜‚ğŸ˜‚
@HabibI-g6g,Nice video â¤â¤
@mdmustaque6148,I was waiting for this video of yours for a long time  ğŸ˜¢ğŸ˜¢ğŸ˜¢ğŸ˜¢â¤â¤â¤â¤â¤â¤â¤
@ignitedminds010,â¤
@munjurrahman246,Fast Comment
@cartonkidunya8080,Nice
@dadaff62,First view
@pitureac,â¤â¤
